{
  "ScreenTimeMonitor/DeviceActivityMonitorExtension.swift": 1777068402.0,
  "forma-ios/ConfettiOverlay.swift": 1776704856.2609985,
  "forma-ios/MenteeChatBubble.swift": 1776806503.4762702,
  "forma-ios/PressHoverModifier.swift": 1776914881.6713796,
  "forma-ios/StreakActivityAttributes.swift": 1776957648.9934642,
  "forma-ios/HabitBackend.swift": 1777315022.5822327,
  "forma-ios/RiveCharacterView.swift": 1776967985.4262846,
  "forma-ios/SettingsPanel.swift": 1777099099.66041,
  "forma-ios/SpeechBubbleNudge.swift": 1776737081.7872891,
  "forma-ios/FormaTransition.swift": 1776802076.1086493,
  "forma-ios/StatsSidebar.swift": 1776957123.8218522,
  "forma-ios/SocialAppsPickerSheet.swift": 1777068409.2074194,
  "forma-ios/OverduePenaltyStore.swift": 1776870624.7335272,
  "forma-ios/CanonicalHabits.swift": 1777017207.3863745,
  "forma-ios/FloatingCheckPill.swift": 1776704856.9390461,
  "forma-ios/ChatMessageRow.swift": 1777315051.3963869,
  "forma-ios/ScreenTimeService.swift": 1777068594.9191294,
  "forma-ios/StreakActivityController.swift": 1776957661.5688834,
  "forma-ios/SyncEngine.swift": 1777253584.2481587,
  "forma-ios/FormaIconView.swift": 1776704857.064445,
  "forma-ios/AppleProfileSetupView.swift": 1777099069.8637292,
  "forma-ios/LoopingVideoView.swift": 1776962270.8304882,
  "forma-ios/CenterPanel.swift": 1777046412.1245522,
  "forma-ios/TimeReminderManager.swift": 1777080631.5464103,
  "forma-ios/HabitMetrics.swift": 1777084404.2870805,
  "forma-ios/WidgetSnapshotWriter.swift": 1777253685.526616,
  "forma-ios/ContentViewScaffold.swift": 1777099091.5951374,
  "forma-ios/KeychainSessionStore.swift": 1776704858.0269923,
  "forma-ios/HabitViews.swift": 1777071000.4763095,
  "forma-ios/MentorChatBubble.swift": 1776967985.34696,
  "forma-ios/CleanShotTheme.swift": 1776704856.0323293,
  "forma-ios/forma_iosApp.swift": 1777255713.4585922,
  "forma-ios/PhoneTabScaffold.swift": 1777099095.4841278,
  "forma-ios/BackendNetworking.swift": 1777270942.8712528,
  "forma-ios/Haptics.swift": 1776741102.8921168,
  "forma-ios/WalkerState.swift": 1776962327.3828282,
  "forma-ios/VerificationHelpSheet.swift": 1777075496.0828726,
  "forma-ios/CleanShotStyle.swift": 1776960198.4245055,
  "forma-ios/AuthViews.swift": 1777078821.3083384,
  "forma-ios/OnboardingView.swift": 1777075538.6720636,
  "forma-ios/Habit.swift": 1777069497.4530337,
  "forma-ios/ContentView.swift": 1777253668.4555657,
  "forma-ios/EdgePanelHandle.swift": 1776741108.6231883,
  "forma-ios/VerificationService.swift": 1777068440.7493591,
  "forma-ios/HabitCompletion.swift": 1777017088.3575103,
  "forma-ios/NetworkMonitor.swift": 1776747588.9318948,
  "forma-ios/AutoVerificationCoordinator.swift": 1777084304.4435685,
  "forma-ios/FormaIntroView.swift": 1776786815.9893904,
  "forma-ios/CalendarViews.swift": 1776788598.8680007,
  "forma-iosUITests/forma_iosUITests.swift": 1776704506.3300345,
  "forma-iosUITests/forma_iosUITestsLaunchTests.swift": 1776704506.3318136,
  "FormaShared/WidgetSnapshot.swift": 1776957530.376184,
  "FormaShared/ToggleHabitIntent.swift": 1776704860.1363966,
  "FormaWidgets/XPLevelWidget.swift": 1776922214.0,
  "FormaWidgets/DashboardWidget.swift": 1776922214.0,
  "FormaWidgets/FormaWidgetsBundle.swift": 1776924847.0,
  "FormaWidgets/MenteeViewWidget.swift": 1776922214.0,
  "FormaWidgets/SnapshotTimelineProvider.swift": 1776922214.0,
  "FormaWidgets/WeeklyWidget.swift": 1776922214.0,
  "FormaWidgets/ChecklistWidget.swift": 1776922214.0,
  "FormaWidgets/WidgetStyles.swift": 1776922214.0,
  "FormaWidgets/CommandCenterWidget.swift": 1776922214.0,
  "FormaWidgets/LeaderboardWidget.swift": 1776922214.0,
  "FormaWidgets/FriendsProgressWidget.swift": 1776922214.0,
  "FormaWidgets/TodayRingWidget.swift": 1776922214.0,
  "FormaWidgets/StreakWidget.swift": 1776922214.0,
  "forma-iosTests/CanonicalHabitsTests.swift": 1777046571.519014,
  "forma-iosTests/forma_iosTests.swift": 1776704506.0,
  "CLAUDE.md": 1777068641.0,
  "forma-ios/Assets.xcassets/AppIcon.appiconset/icon_1024.png": 1776791758.0,
  "forma-ios/walk-jazz-01.mov": 1776704860.0334382,
  "forma-ios/walk-bruce-01.mov": 1776704859.9418948
}